Player,Id,Tm,2021-22,2022-23,2023-24,2024-25,2025-26,2026-27,Signed Using,Guaranteed
Stephen Curry,curryst01,GSW,"$45,780,966 ","$48,070,014 ","$51,915,615 ","$55,761,216 ","$59,606,817 ",,Bird Rights,"$261,134,628 "
John Wall,walljo01,HOU,"$44,310,840 ","$47,366,760 ",,,,,Bird Rights,"$44,310,840 "
Russell Westbrook,westbru01,LAL,"$44,211,146 ","$47,063,478 ",,,,,Bird Rights,"$44,211,146 "
James Harden,hardeja01,PHI,"$43,848,000 ","$46,872,000 ",,,,,Bird Rights,"$43,848,000 "
LeBron James,jamesle01,LAL,"$41,180,544 ","$44,474,988 ",,,,,Bird,"$85,655,532 "
Kevin Durant,duranke01,BRK,"$40,918,900 ","$42,969,845 ","$42,969,845 ","$49,856,021 ","$53,282,609 ",,Sign and Trade,"$229,997,220 "
Giannis Antetokounmpo,antetgi01,MIL,"$39,344,970 ","$42,492,568 ","$45,640,165 ","$48,787,763 ","$51,935,360 ",,Bird,"$176,265,466 "
Paul George,georgpa01,LAC,"$39,344,970 ","$42,492,568 ","$45,640,165 ","$48,787,763 ",,,Bird,"$127,477,703 "
Damian Lillard,lillada01,POR,"$39,344,900 ","$42,492,492 ","$45,640,084 ","$48,787,676 ",,,1st Round Pick,"$176,265,152 "
Kawhi Leonard,leonaka01,LAC,"$39,344,900 ","$42,492,492 ","$45,640,084 ","$48,787,676 ",,,Early Bird,"$127,477,476 "
Klay Thompson,thompkl01,GSW,"$37,980,720 ","$40,600,080 ","$43,219,440 ",,,,Bird Rights,"$121,800,240 "
Jimmy Butler,butleji01,MIA,"$36,016,200 ","$37,653,300 ","$45,183,960 ","$48,798,677 ","$52,413,394 ",,Sign and Trade,"$167,652,137 "
Tobias Harris,harrito02,PHI,"$36,000,000 ","$38,482,759 ","$40,965,517 ",,,,Bird Rights,"$115,448,276 "
Khris Middleton,middlkh01,MIL,"$35,500,000 ","$37,948,276 ","$40,396,552 ",,,,Bird Rights,"$73,448,276 "
Anthony Davis,davisan02,LAL,"$35,361,360 ","$37,980,720 ","$40,600,080 ","$43,219,440 ",,,Bird,"$113,942,160 "
Rudy Gobert,goberru01,UTA,"$35,344,828 ","$38,172,414 ","$41,000,000 ","$43,827,587 ","$46,655,173 ",,Bird,"$158,344,829 "
Kyrie Irving,irvinky01,BRK,"$34,916,200 ","$36,503,300 ",,,,,Cap space,"$34,916,200 "
Bradley Beal,bealbr01,WAS,"$34,502,130 ","$37,262,300 ",,,,,Cap Space,"$34,502,130 "
Kristaps Porziņģis,porzikr01,WAS,"$31,650,600 ","$33,833,400 ","$36,016,200 ",,,,Bird Rights,"$65,484,000 "
Devin Booker,bookede01,PHO,"$31,610,000 ","$33,790,000 ","$35,970,000 ",,,,1st round pick,"$101,370,000 "
Karl-Anthony Towns,townska01,MIN,"$31,610,000 ","$33,790,000 ","$35,970,000 ",,,,1st Round Pick,"$101,370,000 "
Jamal Murray,murraja01,DEN,"$31,590,000 ","$33,930,000 ","$36,270,000 ","$38,610,000 ",,,1st Round pick,"$140,400,000 "
Ben Simmons,simmobe01,BRK,"$31,590,000 ","$33,930,000 ","$36,270,000 ","$38,610,000 ",,,1st Round pick,"$140,400,000 "
Joel Embiid,embiijo01,PHI,"$31,579,390 ","$33,616,770 ","$43,732,500 ","$47,231,100 ","$50,729,700 ","$54,228,300 ",1st Round Pick,"$206,889,460 "
Andrew Wiggins,wiggian01,GSW,"$31,579,390 ","$33,616,770 ",,,,,1st Round Pick,"$65,196,160 "
Pascal Siakam,siakapa01,TOR,"$31,320,000 ","$33,640,000 ","$35,960,000 ",,,,1st Round pick,"$100,920,000 "
Kevin Love,loveke01,CLE,"$31,300,000 ","$28,900,000 ",,,,,Bird Rights,"$60,200,000 "
CJ McCollum,mccolcj01,NOP,"$30,864,198 ","$33,333,333 ","$35,802,469 ",,,,1st Round Pick,"$100,000,000 "
Chris Paul,paulch01,PHO,"$30,800,000 ","$28,400,000 ","$30,800,000 ","$30,000,000 ",,,Bird,"$75,000,000 "
Nikola Jokić,jokicni01,DEN,"$30,510,423 ","$32,478,837 ",,,,,Bird Rights,"$62,989,260 "
Jrue Holiday,holidjr01,MIL,"$30,133,333 ","$32,393,333 ","$34,653,333 ","$36,913,333 ",,,Bird,"$97,179,999 "
D'Angelo Russell,russeda01,MIN,"$30,013,500 ","$31,377,750 ",,,,,Sign and Trade,"$61,391,250 "
Gordon Hayward,haywago01,CHO,"$29,900,000 ","$30,100,000 ","$31,500,000 ",,,,Sign and Trade,"$91,500,000 "
Blake Griffin,griffbl01,DET,"$32,405,817 ",,,,,,,"$29,764,126 "
Brandon Ingram,ingrabr01,NOP,"$29,467,800 ","$31,650,600 ","$33,833,400 ","$36,016,200 ",,,Bird,"$130,968,000 "
De'Aaron Fox,foxde01,SAC,"$28,103,550 ","$30,351,834 ","$32,600,118 ","$34,848,402 ","$37,096,686 ",,Bird,"$163,000,590 "
Bam Adebayo,adebaba01,MIA,"$28,103,550 ","$30,351,834 ","$32,600,118 ","$34,848,402 ","$37,096,686 ",,Bird,"$163,000,590 "
Donovan Mitchell,mitchdo01,UTA,"$28,103,550 ","$30,351,834 ","$32,600,118 ","$34,848,402 ","$37,096,686 ",,Bird,"$125,903,904 "
Jayson Tatum,tatumja01,BOS,"$28,103,550 ","$30,351,834 ","$32,600,118 ","$34,848,402 ","$37,096,686 ",,Bird,"$125,903,904 "
Al Horford,horfoal01,BOS,"$27,000,000 ","$26,500,000 ",,,,,Cap Space,"$41,500,000 "
Kyle Lowry,lowryky01,MIA,"$26,984,128 ","$28,333,334 ","$29,682,540 ",,,,Bird,"$85,000,002 "
Kemba Walker,walkeke02,OKC,"$8,729,020 ","$9,165,471 ",,,,,,"$53,669,500 "
DeMar DeRozan,derozde01,CHI,"$26,000,000 ","$27,300,000 ","$28,600,000 ",,,,Sign and Trade,"$81,900,000 "
Jaylen Brown,brownja02,BOS,"$24,830,357 ","$26,669,643 ","$28,508,929 ",,,,1st Round pick,"$80,008,929 "
Draymond Green,greendr01,GSW,"$24,026,712 ","$25,806,469 ","$27,586,225 ",,,,Bird Rights,"$49,833,181 "
Nikola Vučević,vucevni01,CHI,"$24,000,000 ","$22,000,000 ",,,,,Bird Rights,"$46,000,000 "
John Collins,collijo01,ATL,"$23,000,000 ","$23,500,000 ","$25,340,000 ","$26,580,000 ","$26,580,000 ",,Bird,"$125,000,000 "
Buddy Hield,hieldbu01,IND,"$22,477,273 ","$20,522,727 ","$18,568,182 ",,,,1st Round pick,"$61,568,182 "
Malcolm Brogdon,brogdma01,IND,"$21,700,000 ","$22,600,000 ","$21,634,615 ","$23,365,385 ",,,Sign and Trade,"$89,300,000 "
Tim Hardaway Jr.,hardati02,DAL,"$21,306,816 ","$19,602,273 ","$17,897,728 ","$16,193,183 ",,,Bird,"$75,000,000 "
Mike Conley,conlemi01,UTA,"$21,000,000 ","$22,680,000 ","$24,360,000 ",,,,Bird,"$58,000,000 "
Gary Harris,harriga01,ORL,"$20,482,143 ",,,,,,1st Round Pick,"$20,482,143 "
Danilo Gallinari,gallida01,ATL,"$20,475,000 ","$21,450,000 ",,,,,Sign and Trade,"$25,475,000 "
Harrison Barnes,barneha02,SAC,"$20,284,091 ","$18,352,273 ",,,,,Bird Rights,"$38,636,364 "
Jarrett Allen,allenja01,CLE,"$20,000,000 ","$20,000,000 ","$20,000,000 ","$20,000,000 ","$20,000,000 ",,Bird,"$100,000,000 "
Jerami Grant,grantje01,DET,"$20,000,000 ","$20,952,381 ",,,,,Sign and Trade,"$40,952,381 "
Julius Randle,randlju01,NYK,"$19,800,000 ","$23,760,000 ","$25,660,800 ","$27,561,600 ","$29,462,400 ",,Cap Space,"$96,782,400 "
Fred VanVleet,vanvlfr01,TOR,"$19,675,926 ","$21,250,000 ","$22,824,074 ",,,,Bird,"$40,925,926 "
Zach LaVine,lavinza01,CHI,"$19,500,000 ",,,,,,Cap space,"$19,500,000 "
Goran Dragić,dragigo01,SAS,"$20,168,742 ",,,,,,,"$19,440,000 "
Bojan Bogdanović,bogdabo02,UTA,"$18,700,000 ","$19,550,000 ",,,,,Cap Space,"$38,250,000 "
Lonzo Ball,balllo01,CHI,"$18,604,651 ","$19,534,884 ","$20,465,117 ","$21,395,348 ",,,Sign and Trade,"$58,604,652 "
Domantas Sabonis,sabondo01,SAC,"$18,562,500 ","$19,937,500 ","$21,312,500 ",,,,1st Round pick,"$59,812,500 "
Eric Gordon,gordoer01,HOU,"$18,218,818 ","$19,568,360 ","$20,917,902 ",,,,Cap Space,"$37,787,178 "
Evan Fournier,fournev01,NYK,"$18,139,535 ","$19,046,512 ","$19,953,488 ","$20,860,465 ",,,Sign and Trade,"$57,139,535 "
Eric Bledsoe,bledser01,POR,"$18,125,000 ","$19,375,000 ",,,,,Bird Rights,"$22,025,000 "
Myles Turner,turnemy01,IND,"$18,000,000 ","$18,000,000 ",,,,,1st Round pick,"$36,000,000 "
Bogdan Bogdanović,bogdabo01,ATL,"$18,000,000 ","$18,000,000 ","$18,000,000 ",,,,Cap Space,"$36,000,000 "
Terry Rozier,roziete01,CHO,"$17,905,263 ","$21,486,316 ","$23,205,221 ","$24,924,126 ","$26,643,031 ",,Sign and Trade,"$114,163,957 "
Ricky Rubio,rubiori01,IND,"$17,809,524 ",,,,,,Cap Space,"$17,809,524 "
Caris LeVert,leverca01,CLE,"$17,500,000 ","$18,796,296 ",,,,,1st Round pick,"$36,296,296 "
Jonathan Isaac,isaacjo01,ORL,"$17,400,000 ","$17,400,000 ","$17,400,000 ","$17,400,000 ",,,Bird,"$69,600,000 "
Joe Harris,harrijo01,BRK,"$17,357,143 ","$18,642,857 ","$19,928,571 ",,,,Bird,"$55,928,571 "
Spencer Dinwiddie,dinwisp01,DAL,"$17,142,857 ","$18,000,000 ","$18,857,143 ",,,,Sign and Trade,"$45,142,857 "
Clint Capela,capelca01,ATL,"$17,103,448 ","$18,206,897 ","$20,616,000 ","$22,265,280 ",,,Bird Rights,"$78,191,625 "
Steven Adams,adamsst01,MEM,"$17,073,171 ","$17,926,829 ",,,,,1st Round Pick,"$35,000,000 "
Markelle Fultz,fultzma01,ORL,"$16,500,000 ","$16,500,000 ","$17,000,000 ",,,,Bird,"$35,000,000 "
Aaron Gordon,gordoaa01,DEN,"$16,409,091 ","$19,690,909 ","$21,266,182 ","$22,841,455 ","$22,841,455 ",,Bird Rights,"$80,207,637 "
OG Anunoby,anunoog01,TOR,"$16,071,429 ","$17,357,143 ","$18,642,857 ","$19,928,571 ",,,Bird,"$52,071,429 "
Dāvis Bertāns,bertada01,DAL,"$16,000,000 ","$16,000,000 ","$17,000,000 ","$16,000,000 ",,,Bird,"$60,000,000 "
Gary Trent Jr.,trentga02,TOR,"$16,000,000 ","$17,280,000 ","$18,560,000 ",,,,Bird,"$33,280,000 "
Lauri Markkanen,markkla01,CLE,"$15,690,909 ","$16,475,454 ","$17,259,999 ","$18,044,544 ",,,Sign and Trade,"$55,426,362 "
Marcus Morris,morrima03,LAC,"$15,627,907 ","$16,372,093 ","$17,116,279 ",,,,Non Bird,"$49,116,279 "
Duncan Robinson,robindu01,MIA,"$15,560,000 ","$16,902,000 ","$18,154,000 ","$19,406,000 ","$19,888,000 ",,Bird,"$79,910,000 "
Norman Powell,powelno01,LAC,"$15,517,242 ","$16,758,621 ","$18,000,000 ","$19,241,379 ","$20,482,758 ",,Bird,"$90,000,000 "
Dejounte Murray,murrade01,SAS,"$15,428,571 ","$16,571,429 ","$17,714,286 ",,,,1st Round pick,"$49,714,286 "
Will Barton,bartowi01,DEN,"$15,384,615 ","$16,615,385 ",,,,,Bird,"$32,000,000 "
Derrick White,whitede01,BOS,"$15,178,571 ","$16,392,857 ","$17,607,143 ","$18,821,429 ",,,Bird,"$68,000,000 "
Taurean Prince,princta02,MIN,"$15,057,692 ",,,,,,1st Round pick,"$15,057,692 "
Malik Beasley,beaslma01,MIN,"$14,391,964 ","$15,458,035 ","$16,524,106 ",,,,Bird,"$29,849,999 "
Marcus Smart,smartma01,BOS,"$14,339,285 ","$16,607,142 ","$18,583,713 ","$19,960,285 ","$21,336,856 ",,Bird Rights,"$90,827,281 "
Patrick Beverley,beverpa01,MIN,"$14,320,988 ","$13,000,000 ",,,,,Bird Rights,"$27,320,988 "
Thaddeus Young,youngth01,TOR,"$14,190,000 ",,,,,,Cap space,"$14,190,000 "
Jonas Valančiūnas,valanjo01,NOP,"$14,000,000 ","$14,700,000 ","$15,435,000 ",,,,Bird Rights,"$44,135,000 "
Joe Ingles,inglejo01,POR,"$14,000,000 ",,,,,,Bird Rights,"$14,000,000 "
Doug McDermott,mcderdo01,SAS,"$13,750,000 ","$13,750,000 ","$13,750,000 ",,,,Sign and Trade,"$41,250,000 "
Christian Wood,woodch01,HOU,"$13,666,667 ","$14,317,459 ",,,,,Sign and Trade,"$27,984,126 "
Derrick Rose,rosede01,NYK,"$13,445,120 ","$14,520,730 ","$15,596,339 ",,,,Early Bird,"$27,965,850 "
Brook Lopez,lopezbr01,MIL,"$13,302,325 ","$13,906,976 ",,,,,Cap Space,"$27,209,301 "
Kentavious Caldwell-Pope,caldwke01,WAS,"$13,038,862 ","$14,004,703 ",,,,,Early Bird,"$17,926,980 "
Kyle Kuzma,kuzmaky01,WAS,"$13,000,000 ","$13,000,000 ","$13,000,000 ",,,,Bird,"$26,000,000 "
Robert Covington,covinro01,LAC,"$12,975,471 ",,,,,,Cap Space,"$12,975,471 "
Luke Kennard,kennalu01,LAC,"$12,727,273 ","$13,745,455 ","$14,763,636 ","$14,763,636 ",,,Bird,"$41,236,364 "
T.J. Warren,warretj01,IND,"$12,690,000 ",,,,,,1st Round Pick,"$12,690,000 "
Deandre Ayton,aytonde01,PHO,"$12,632,950 ",,,,,,1st Round Pick,"$12,632,950 "
Terrence Ross,rosste01,ORL,"$12,500,000 ","$11,500,000 ",,,,,Bird Rights,"$24,000,000 "
Jordan Clarkson,clarkjo01,UTA,"$12,420,000 ","$13,340,000 ","$14,260,000 ",,,,Bird,"$25,760,000 "
Dillon Brooks,brookdi01,MEM,"$12,200,000 ","$11,400,000 ",,,,,MLE,"$23,600,000 "
Kelly Olynyk,olynyke01,DET,"$12,195,122 ","$12,804,878 ","$12,195,122 ",,,,Cap Space,"$28,000,000 "
Kelly Oubre Jr.,oubreke01,CHO,"$12,000,000 ","$12,600,000 ",,,,,Cap Space,"$17,000,000 "
Josh Hart,hartjo01,POR,"$12,000,000 ","$12,960,000 ","$12,960,000 ",,,,Bird,"$12,000,000 "
Jusuf Nurkić,nurkiju01,POR,"$12,000,000 ",,,,,,Bird Rights,"$4,000,000 "
Josh Richardson,richajo01,SAS,"$11,615,328 ","$12,196,094 ",,,,,Minimum Salary,"$23,811,422 "
Marvin Bagley III,baglema01,DET,"$11,312,114 ",,,,,,1st Round Pick,"$11,312,114 "
Devonte' Graham,grahade01,NOP,"$11,000,000 ","$11,550,000 ","$12,100,000 ","$12,650,000 ",,,Sign and Trade,"$37,500,000 "
Dwight Powell,poweldw01,DAL,"$11,000,000 ","$11,814,815 ",,,,,Cap Space,"$22,814,815 "
Zion Williamson,willizi01,NOP,"$10,733,400 ","$13,534,817 ",,,,,1st Round Pick,"$10,733,400 "
Larry Nance Jr.,nancela02,NOP,"$10,690,909 ","$9,672,727 ",,,,,1st Round pick,"$20,363,636 "
Jeremy Lamb,lambje01,SAC,"$10,500,000 ",,,,,,Cap Space,"$10,500,000 "
Richaun Holmes,holmeri01,SAC,"$10,384,500 ","$11,215,260 ","$12,046,020 ","$12,876,780 ",,,Early Bird,"$33,645,780 "
Reggie Jackson,jacksre01,LAC,"$10,384,500 ","$11,215,260 ",,,,,Early Bird,"$21,599,760 "
Anthony Edwards,edwaran01,MIN,"$10,245,480 ","$10,733,400 ","$13,534,817 ",,,,1st Round Pick,"$20,978,880 "
Luka Dončić,doncilu01,DAL,"$10,174,391 ","$35,700,000 ","$38,556,000 ","$41,412,000 ","$44,268,000 ","$47,124,000 ",1st Round Pick,"$217,234,391 "
Cade Cunningham,cunnica01,DET,"$10,050,120 ","$10,552,800 ","$11,055,240 ","$13,940,658 ",,,1st Round Pick,"$20,602,920 "
Tomáš Satoranský,satorto01,SAS,"$10,468,119 ",,,,,,,"$10,000,000 "
Danny Green,greenda02,PHI,"$10,000,000 ","$10,000,000 ",,,,,Early Bird,"$10,000,000 "
Kyle Anderson,anderky01,MEM,"$9,937,150 ",,,,,,MLE,"$9,937,150 "
Serge Ibaka,ibakase01,MIL,"$9,742,000 ",,,,,,MLE,"$9,742,000 "
Jae Crowder,crowdja01,PHO,"$9,720,900 ","$10,183,800 ",,,,,MLE,"$19,904,700 "
Derrick Favors,favorde01,OKC,"$9,720,900 ","$10,183,800 ",,,,,MLE,"$9,720,900 "
Tristan Thompson,thomptr01,IND,"$10,720,900 ",,,,,,,"$9,720,900 "
Montrezl Harrell,harremo01,CHO,"$9,720,900 ",,,,,,MLE,"$9,720,900 "
Derrick Jones Jr.,jonesde02,CHI,"$9,720,900 ",,,,,,MLE,"$9,720,900 "
Ja Morant,moranja01,MEM,"$9,603,360 ","$12,119,440 ",,,,,1st Round Pick,"$21,722,800 "
Reggie Bullock,bullore01,DAL,"$9,536,000 ","$10,012,800 ","$10,489,600 ",,,,MLE,"$25,000,000 "
Alec Burks,burksal01,NYK,"$9,536,000 ","$10,012,800 ","$10,489,600 ",,,,Cap Space,"$19,548,800 "
Talen Horton-Tucker,hortota01,LAL,"$9,500,000 ","$10,260,000 ","$11,020,000 ",,,,Early Bird,"$19,760,000 "
Jaren Jackson Jr.,jacksja02,MEM,"$9,180,560 ","$23,437,500 ","$25,312,500 ","$27,187,500 ","$29,062,500 ",,1st Round Pick,"$114,180,560 "
James Wiseman,wisemja01,GSW,"$9,166,800 ","$9,603,360 ","$12,119,440 ",,,,1st Round Pick,"$18,770,160 "
Nicolas Batum,batumni01,CHO,"$12,213,507 ","$12,372,008 ",,,,,,"$18,086,956 "
Dario Šarić,saricda01,PHO,"$9,000,000 ","$9,666,667 ",,,,,Bird,"$18,666,667 "
Jalen Green,greenja05,HOU,"$8,992,200 ","$9,441,720 ","$9,891,600 ","$12,483,199 ",,,1st Round Pick,"$18,433,920 "
Nerlens Noel,noelne01,NYK,"$8,800,000 ","$9,240,000 ","$9,680,000 ",,,,Cap Space,"$18,040,000 "
Jakob Poeltl,poeltja01,SAS,"$8,750,000 ","$9,398,148 ",,,,,Bird,"$18,148,148 "
Maxi Kleber,klebima01,DAL,"$8,750,000 ","$9,000,000 ",,,,,Early Bird Rights,"$8,750,000 "
Thomas Bryant,bryanth01,WAS,"$8,730,159 ",,,,,,Early Bird Rights,"$8,730,159 "
Kemba Walker,walkeke02,NYK,"$8,729,020 ","$9,165,471 ",,,,,Cap Space,"$17,894,491 "
Royce O'Neale,onealro01,UTA,"$8,678,571 ","$9,321,429 ","$9,964,286 ",,,,Cap space,"$27,964,286 "
RJ Barrett,barrerj01,NYK,"$8,623,920 ","$10,900,635 ",,,,,1st Round Pick,"$19,524,555 "
Alex Caruso,carusal01,CHI,"$8,604,651 ","$9,034,884 ","$9,465,116 ","$9,895,349 ",,,MLE,"$37,000,000 "
Delon Wright,wrighde01,ATL,"$8,526,316 ",,,,,,Sign and Trade,"$8,526,316 "
De'Anthony Melton,meltode01,MEM,"$8,437,500 ","$9,062,500 ","$9,687,500 ",,,,Early Bird,"$27,187,500 "
Daniel Theis,theisda01,BOS,"$8,372,093 ","$8,790,698 ","$9,209,302 ","$9,627,907 ",,,Sign and Trade,"$36,000,000 "
Monte Morris,morrimo01,DEN,"$8,333,333 ","$9,000,000 ","$9,666,667 ",,,,Bird,"$27,000,000 "
Trae Young,youngtr01,ATL,"$8,326,471 ","$29,750,000 ","$32,130,000 ","$34,510,000 ","$36,890,000 ","$39,270,000 ",1st Round Pick,"$180,876,471 "
JaMychal Green,greenja01,DEN,"$8,292,683 ","$8,707,317 ",,,,,Non Bird,"$17,000,000 "
LaMelo Ball,ballla01,CHO,"$8,231,760 ","$8,623,920 ","$10,900,635 ",,,,1st Round Pick,"$16,855,680 "
Seth Curry,curryse01,BRK,"$8,186,047 ","$8,558,140 ",,,,,MLE,"$16,744,187 "
Mason Plumlee,plumlma01,CHO,"$8,137,500 ","$8,525,000 ",,,,,Cap space,"$16,662,500 "
Evan Mobley,mobleev01,CLE,"$8,075,160 ","$8,478,720 ","$8,882,760 ","$11,227,809 ",,,1st Round Pick,"$16,553,880 "
Cedi Osman,osmande01,CLE,"$8,050,000 ","$7,350,000 ","$6,650,000 ",,,,MLE,"$15,400,000 "
DeAndre Jordan,jordade01,DET,"$11,109,327 ","$7,827,907 ",,,,,,"$15,703,440 "
De'Andre Hunter,huntede01,ATL,"$7,775,400 ","$9,835,881 ",,,,,1st Round Pick,"$17,611,281 "
Mo Bamba,bambamo01,ORL,"$7,568,742 ",,,,,,1st Round Pick,"$7,568,742 "
Tyus Jones,jonesty01,MEM,"$7,522,200 ",,,,,,MLE,"$7,522,200 "
Ivica Zubac,zubaciv01,LAC,"$7,518,518 ","$7,518,518 ",,,,,Bird Rights,"$7,518,518 "
T.J. McConnell,mccontj01,IND,"$7,500,000 ","$8,100,000 ","$8,700,000 ","$9,300,000 ",,,Early Bird,"$29,300,000 "
Patrick Williams,willipa01,CHI,"$7,422,000 ","$7,775,400 ","$9,835,881 ",,,,1st Round Pick,"$15,197,400 "
Scottie Barnes,barnesc01,TOR,"$7,280,520 ","$7,644,720 ","$8,008,560 ","$10,130,828 ",,,1st Round Pick,"$14,925,240 "
Darius Garland,garlada01,CLE,"$7,040,880 ","$8,920,795 ",,,,,1st Round Pick,"$15,961,675 "
Chris Boucher,bouchch01,TOR,"$7,009,615 ",,,,,,Early Bird,"$7,009,615 "
D.J. Augustin,augusdj01,HOU,"$7,622,467 ","$333,333 ",,,,,,"$7,333,333 "
P.J. Tucker,tuckepj01,MIA,"$7,000,000 ","$7,350,000 ",,,,,MLE,"$7,000,000 "
Zach Collins,colliza01,SAS,"$6,984,127 ","$7,333,333 ","$7,682,540 ",,,,Cap Space,"$22,000,000 "
Wendell Carter Jr.,cartewe01,ORL,"$6,920,027 ","$14,150,000 ","$13,050,000 ","$11,950,000 ","$10,850,000 ",,1st Round Pick,"$50,000,000 "
Isaac Okoro,okorois01,CLE,"$6,720,720 ","$7,040,880 ","$8,920,795 ",,,,1st Round Pick,"$13,761,600 "
Jalen Suggs,suggsja01,ORL,"$6,593,040 ","$6,922,440 ","$7,252,200 ","$9,188,537 ",,,1st Round Pick,"$13,515,480 "
Cameron Payne,payneca01,PHO,"$6,500,000 ","$6,000,000 ","$6,500,000 ",,,,Early Bird,"$14,500,000 "
Joakim Noah,noahjo01,NYK,"$6,431,666 ",,,,,,,"$6,431,666 "
Jarrett Culver,culveja01,MEM,"$6,395,160 ","$8,109,063 ",,,,,1st Round Pick,"$6,395,160 "
Khem Birch,birchkh01,TOR,"$6,350,000 ","$6,667,750 ","$6,985,000 ",,,,MLE,"$20,002,750 "
Collin Sexton,sextoco01,CLE,"$6,349,671 ",,,,,,1st Round Pick,"$6,349,671 "
Juancho Hernangómez,hernaju01,UTA,"$6,175,440 ","$6,632,880 ",,,,,Bird,"$6,175,440 "
Onyeka Okongwu,okongon01,ATL,"$6,104,280 ","$6,395,160 ","$8,109,063 ",,,,1st Round Pick,"$12,499,440 "
Justin Holiday,holidju01,SAC,"$6,006,420 ","$6,292,440 ",,,,,Non Bird,"$12,298,860 "
Josh Giddey,giddejo01,OKC,"$5,988,000 ","$6,287,400 ","$6,587,040 ","$8,352,367 ",,,1st Round Pick,"$12,275,400 "
Rudy Gay,gayru01,UTA,"$5,890,000 ","$6,184,500 ","$6,479,000 ",,,,Mini MLE,"$12,074,500 "
Dennis Schröder,schrode01,HOU,"$5,890,000 ",,,,,,Mini MLE,"$5,890,000 "
Patty Mills,millspa02,BRK,"$5,890,000 ","$6,184,500 ",,,,,Mini MLE,"$5,890,000 "
Kevin Knox,knoxke01,ATL,"$5,845,978 ",,,,,,1st Round Pick,"$5,845,978 "
Coby White,whiteco01,CHI,"$5,837,760 ","$7,413,955 ",,,,,1st Round Pick,"$5,837,760 "
Timofey Mozgov,mozgoti01,ORL,"$5,573,334 ",,,,,,,"$5,573,334 "
Killian Hayes,hayeski01,DET,"$5,572,680 ","$5,837,760 ","$7,413,955 ",,,,1st Round Pick,"$11,410,440 "
Mikal Bridges,bridgmi01,PHO,"$5,557,725 ","$20,089,286 ","$21,696,429 ","$23,303,571 ","$24,910,714 ",,1st Round Pick,"$95,557,725 "
Shai Gilgeous-Alexander,gilgesh01,OKC,"$5,495,532 ","$29,750,000 ","$32,130,000 ","$34,510,000 ","$36,890,000 ","$39,270,000 ",1st Round Pick,"$178,045,532 "
Jonathan Kuminga,kuminjo01,GSW,"$5,466,360 ","$5,739,960 ","$6,012,720 ","$7,636,154 ",,,1st Round Pick,"$11,206,320 "
Miles Bridges,bridgmi02,CHO,"$5,421,493 ",,,,,,1st Round Pick,"$5,421,493 "
Jaxson Hayes,hayesja02,NOP,"$5,348,280 ","$6,803,012 ",,,,,1st Round Pick,"$12,151,292 "
Pat Connaughton,connapa01,MIL,"$5,333,333 ","$5,728,395 ",,,,,Early Bird,"$5,333,333 "
Michael Porter Jr.,portemi01,DEN,"$5,258,735 ","$29,750,000 ","$32,130,000 ","$34,510,000 ","$36,890,000 ","$39,270,000 ",1st Round Pick,"$150,538,735 "
Ryan Anderson,anderry01,MIA,"$5,214,584 ",,,,,,,"$5,214,584 "
Hamidou Diallo,diallha01,DET,"$5,200,000 ","$5,200,000 ",,,,,Bird,"$5,200,000 "
Kevon Looney,looneke01,GSW,"$5,178,572 ",,,,,,Bird Rights,"$5,178,572 "
Troy Brown Jr.,browntr01,CHI,"$5,170,564 ",,,,,,1st Round Pick,"$5,170,564 "
Obi Toppin,toppiob01,NYK,"$5,105,160 ","$5,348,280 ","$6,803,012 ",,,,1st Round Pick,"$10,453,440 "
Franz Wagner,wagnefr01,ORL,"$5,007,840 ","$5,258,280 ","$5,508,720 ","$7,007,092 ",,,1st Round Pick,"$10,266,120 "
Kris Dunn,dunnkr01,MEM,"$111,457 ",,,,,,,"$5,005,350 "
Josh Jackson,jacksjo02,DET,"$5,005,350 ",,,,,,Room Exception,"$5,005,350 "
JaVale McGee,mcgeeja01,PHO,"$5,000,000 ",,,,,,MLE,"$5,000,000 "
Robin Lopez,lopezro01,ORL,"$5,000,000 ",,,,,,MLE,"$5,000,000 "
Kendrick Nunn,nunnke01,LAL,"$5,000,000 ","$5,250,000 ",,,,,Mini MLE,"$5,000,000 "
Lou Williams,willilo02,ATL,"$5,000,000 ",,,,,,Bird,"$5,000,000 "
Luol Deng,denglu01,LAL,"$4,990,000 ",,,,,,,"$4,990,000 "
Rui Hachimura,hachiru01,WAS,"$4,916,160 ","$6,263,188 ",,,,,1st Round Pick,"$11,179,348 "
Garrett Temple,templga01,NOP,"$4,910,000 ","$5,155,500 ","$5,401,000 ",,,,Sign and Trade,"$10,065,500 "
Cory Joseph,josepco01,DET,"$7,310,000 ","$5,155,000 ",,,,,Room Exception,"$7,310,000 "
Taj Gibson,gibsota01,NYK,"$4,910,000 ","$5,155,500 ",,,,,Room Exception,"$4,910,000 "
Torrey Craig,craigto01,PHO,"$4,878,049 ","$5,121,951 ",,,,,MLE,"$10,000,000 "
Rajon Rondo,rondora01,MEM,"$2,641,691 ",,,,,,,"$4,858,309 "
Bruce Brown,brownbr01,BRK,"$4,736,102 ",,,,,,,"$4,736,102 "
Deni Avdija,avdijde01,WAS,"$4,692,840 ","$4,916,160 ","$6,263,188 ",,,,1st Round Pick,"$9,609,000 "
Donte DiVincenzo,divindo01,SAC,"$4,675,830 ",,,,,,1st Round Pick,"$4,675,830 "
Cam Reddish,reddica01,NYK,"$4,670,160 ","$5,954,454 ",,,,,1st Round Pick,"$10,624,614 "
David Nwaba,nwabada01,HOU,"$4,650,000 ","$5,022,000 ","$5,394,000 ",,,,Early Bird,"$9,672,000 "
Furkan Korkmaz,korkmfu01,PHI,"$4,629,630 ","$5,000,000 ","$5,370,370 ",,,,Bird,"$15,000,000 "
Davion Mitchell,mitchda01,SAC,"$4,603,320 ","$4,833,600 ","$5,063,760 ","$6,451,230 ",,,1st Round Pick,"$9,436,920 "
Ish Smith,smithis01,WAS,"$4,500,000 ","$4,725,000 ",,,,,Room Exception,"$4,500,000 "
Jeff Green,greenje02,DEN,"$4,500,000 ","$4,500,000 ",,,,,MLE,"$4,500,000 "
Jalen Smith,smithja04,IND,"$4,458,000 ","$4,670,160 ","$5,954,454 ",,,,1st Round Pick,"$4,458,000 "
Lonnie Walker IV,walkelo01,SAS,"$4,447,896 ",,,,,,1st Round Pick,"$4,447,896 "
Cameron Johnson,johnsca02,PHO,"$4,437,000 ","$5,887,899 ",,,,,1st Round Pick,"$10,324,899 "
Ziaire Williams,willizi02,MEM,"$4,373,160 ","$4,591,920 ","$4,810,200 ","$6,133,005 ",,,1st Round Pick,"$8,965,080 "
Maurice Harkless,harklma01,SAC,"$4,347,600 ","$4,564,980 ",,,,,Non Bird,"$8,912,580 "
Bobby Portis,portibo01,MIL,"$4,347,600 ","$4,564,980 ",,,,,Non Bird,"$4,347,600 "
Jarred Vanderbilt,vandeja01,MIN,"$4,259,259 ","$4,600,000 ","$4,940,741 ",,,,Bird,"$13,800,000 "
Kevin Huerter,huertke01,ATL,"$4,253,357 ","$14,508,929 ","$15,669,643 ","$16,830,357 ","$17,991,071 ",,1st Round Pick,"$69,253,357 "
Devin Vassell,vassede01,SAS,"$4,235,160 ","$4,437,000 ","$5,887,899 ",,,,1st Round Pick,"$8,672,160 "
P.J. Washington,washipj01,CHO,"$4,215,120 ","$5,808,435 ",,,,,1st Round Pick,"$10,023,555 "
James Bouknight,bouknja01,CHO,"$4,154,400 ","$4,362,240 ","$4,570,080 ","$6,064,496 ",,,1st Round Pick,"$8,516,640 "
Josh Okogie,okogijo01,MIN,"$4,087,904 ",,,,,,1st Round Pick,"$4,087,904 "
Grayson Allen,allengr01,MIL,"$4,054,695 ","$9,615,385 ","$10,384,615 ",,,,1st Round Pick,"$24,054,695 "
Tyrese Haliburton,halibty01,IND,"$4,023,600 ","$4,215,120 ","$5,808,435 ",,,,1st Round Pick,"$8,238,720 "
Tyler Herro,herroty01,MIA,"$4,004,280 ","$5,722,116 ",,,,,1st Round Pick,"$9,726,396 "
Dorian Finney-Smith,finnedo01,DAL,"$4,000,000 ","$12,402,000 ","$13,394,160 ","$14,386,320 ","$15,378,480 ",,Bird Rights,"$44,182,480 "
Terence Davis,daviste02,SAC,"$4,000,000 ","$4,000,000 ",,,,,Early Bird,"$8,000,000 "
George Hill,hillge01,MIL,"$4,000,000 ","$4,000,000 ",,,,,MLE,"$8,000,000 "
Gorgui Dieng,dienggo01,ATL,"$4,000,000 ",,,,,,MLE,"$4,000,000 "
Aaron Holiday,holidaa01,PHO,"$3,980,551 ",,,,,,1st Round Pick,"$3,980,551 "
Joshua Primo,primojo01,SAS,"$3,946,800 ","$4,144,320 ","$4,341,600 ","$5,982,725 ",,,1st Round Pick,"$8,091,120 "
Jake Layman,laymaja01,MIN,"$3,940,184 ",,,,,,Sign and Trade,"$3,940,184 "
Anfernee Simons,simonan01,POR,"$3,938,818 ",,,,,,1st Round Pick,"$3,938,818 "
Justise Winslow,winslju01,POR,"$3,902,439 ","$4,097,561 ",,,,,Mini MLE,"$8,000,000 "
Kira Lewis Jr.,lewiski01,NOP,"$3,822,240 ","$4,004,280 ","$5,722,116 ",,,,1st Round Pick,"$7,826,520 "
Romeo Langford,langfro01,SAS,"$3,804,360 ","$5,634,257 ",,,,,1st Round Pick,"$9,438,617 "
Facundo Campazzo,campafa01,DEN,"$3,804,150 ",,,,,,Bi-Annual Exception,"$3,804,150 "
Landry Shamet,shamela01,PHO,"$3,768,342 ","$9,598,214 ","$10,366,071 ","$11,133,929 ","$11,901,786 ",,1st Round Pick,"$46,768,342 "
Chris Duarte,duartch01,IND,"$3,749,520 ","$3,936,960 ","$4,124,280 ","$5,893,596 ",,,1st Round Pick,"$7,686,480 "
Alex Len,lenal01,SAC,"$3,731,707 ","$3,918,293 ",,,,,Bi-Annual Exception,"$7,650,000 "
Robert Williams,williro04,BOS,"$3,661,976 ","$10,700,000 ","$11,556,000 ","$12,412,000 ","$13,268,000 ",,1st Round Pick,"$51,597,976 "
Jevon Carter,carteje01,BRK,"$4,107,149 ","$3,925,000 ",,,,,,"$7,575,000 "
Aaron Nesmith,nesmiaa01,BOS,"$3,631,200 ","$3,804,360 ","$5,634,257 ",,,,1st Round Pick,"$7,435,560 "
Moses Moody,moodymo01,GSW,"$3,562,080 ","$3,740,160 ","$3,918,480 ","$5,803,269 ",,,1st Round Pick,"$7,302,240 "
Boban Marjanović,marjabo01,DAL,"$3,500,000 ","$3,500,000 ",,,,,Early Bird,"$7,000,000 "
Mike Muscala,muscami01,OKC,"$3,500,000 ","$3,500,000 ",,,,,MLE,"$3,500,000 "
Cole Anthony,anthoco01,ORL,"$3,449,400 ","$3,613,680 ","$5,539,771 ",,,,1st Round Pick,"$7,063,080 "
Corey Kispert,kispeco01,WAS,"$3,383,640 ","$3,552,960 ","$3,722,040 ","$5,705,887 ",,,1st Round Pick,"$6,936,600 "
Trey Burke,burketr01,DAL,"$3,333,333 ","$3,492,063 ",,,,,MLE,"$3,333,333 "
Georges Niang,niangge01,PHI,"$3,300,000 ","$3,465,000 ",,,,,MLE,"$6,765,000 "
Chuma Okeke,okekech01,ORL,"$3,277,080 ","$3,433,320 ","$5,266,713 ",,,,1st Round Pick,"$6,710,400 "
Isaiah Stewart,stewais01,DET,"$3,277,080 ","$3,433,320 ","$5,266,713 ",,,,1st Round Pick,"$6,710,400 "
Nickeil Alexander-Walker,alexani01,UTA,"$3,261,480 ","$5,009,633 ",,,,,1st Round Pick,"$8,271,113 "
Alperen Şengün,sengual01,HOU,"$3,214,680 ","$3,375,480 ","$3,536,400 ","$5,424,838 ",,,1st Round Pick,"$6,590,160 "
Nicolas Batum,batumni01,LAC,"$12,213,507 ","$12,372,008 ",,,,,Non Bird,"$3,170,029 "
Jon Leuer,leuerjo01,MIL,"$3,169,347 ",,,,,,,"$3,169,347 "
Aleksej Pokusevski,pokusal01,OKC,"$3,113,160 ","$3,261,480 ","$5,009,633 ",,,,1st Round Pick,"$6,374,640 "
Goga Bitadze,bitadgo01,IND,"$3,098,400 ","$4,765,339 ",,,,,1st Round Pick,"$7,863,739 "
Trey Murphy III,murphtr02,NOP,"$3,053,760 ","$3,206,640 ","$3,359,280 ","$5,159,854 ",,,1st Round Pick,"$6,260,400 "
Sterling Brown,brownst02,DAL,"$3,000,000 ","$3,000,000 ",,,,,Bi-Annual Exception,"$6,000,000 "
Michael Carter-Williams,cartemi01,ORL,"$3,000,000 ",,,,,,,"$3,000,000 "
Frank Jackson,jacksfr01,DET,"$3,000,000 ","$3,150,000 ",,,,,Cap Space,"$3,000,000 "
Josh Green,greenjo02,DAL,"$2,957,520 ","$3,098,400 ","$4,765,339 ",,,,1st Round Pick,"$6,055,920 "
Tre Mann,manntr01,OKC,"$2,901,240 ","$3,046,200 ","$3,191,280 ","$4,908,189 ",,,1st Round Pick,"$5,947,440 "
Dewayne Dedmon,dedmode01,DET,"$5,256,308 ","$2,866,667 ","$2,866,667 ","$2,866,667 ",,,,"$11,466,668 "
Andrew Nicholson,nichoan01,POR,"$2,844,429 ","$2,844,429 ","$2,844,429 ",,,,,"$8,533,287 "
Matisse Thybulle,thybuma01,PHI,"$2,840,160 ","$4,379,527 ",,,,,1st Round Pick,"$7,219,687 "
Saddiq Bey,beysa01,DET,"$2,824,320 ","$2,959,080 ","$4,556,983 ",,,,1st Round Pick,"$5,783,400 "
Kai Jones,joneska01,CHO,"$2,770,560 ","$2,909,160 ","$3,047,760 ","$4,693,550 ",,,1st Round Pick,"$5,679,720 "
Brandon Clarke,clarkbr01,MEM,"$2,726,880 ","$4,343,920 ",,,,,1st Round Pick,"$7,070,800 "
Precious Achiuwa,achiupr01,TOR,"$2,711,280 ","$2,840,160 ","$4,379,527 ",,,,1st Round Pick,"$5,551,440 "
Jalen Johnson,johnsja05,ATL,"$2,659,560 ","$2,792,520 ","$2,925,480 ","$4,511,090 ",,,1st Round Pick,"$5,452,080 "
Paul Millsap,millspa01,PHI,"$2,641,691 ",,,,,,Minimum Salary,"$2,641,691 "
E'Twaun Moore,mooreet01,ORL,"$2,641,691 ",,,,,,,"$2,641,691 "
Udonis Haslem,hasleud01,MIA,"$2,641,691 ",,,,,,Minimum Salary,"$2,641,691 "
Markieff Morris,morrima02,MIA,"$2,641,691 ",,,,,,Minimum Salary,"$2,641,691 "
DeAndre Jordan,jordade01,LAL,"$11,109,327 ","$7,827,907 ",,,,,,"$2,641,691 "
Dwight Howard,howardw01,LAL,"$2,641,691 ",,,,,,Minimum Salary,"$2,641,691 "
Wayne Ellington,ellinwa01,LAL,"$2,641,691 ",,,,,,Minimum Salary,"$2,641,691 "
Trevor Ariza,arizatr01,LAL,"$2,641,691 ",,,,,,Minimum Salary,"$2,641,691 "
Carmelo Anthony,anthoca01,LAL,"$2,641,691 ",,,,,,Minimum Salary,"$2,641,691 "
Enes Freedom,kanteen01,HOU,"$2,641,691 ",,,,,,,"$2,641,691 "
Andre Iguodala,iguodan01,GSW,"$2,641,691 ",,,,,,Minimum Salary,"$2,641,691 "
Rajon Rondo,rondora01,CLE,"$2,641,691 ",,,,,,Minimum Salary,"$2,641,691 "
James Johnson,johnsja01,BRK,"$2,641,691 ",,,,,,Minimum Salary,"$2,641,691 "
Blake Griffin,griffbl01,BRK,"$32,405,817 ",,,,,,Minimum Salary,"$2,641,691 "
LaMarcus Aldridge,aldrila01,BRK,"$2,641,691 ",,,,,,Minimum Salary,"$2,641,691 "
Avery Bradley,bradlav01,LAL,"$2,641,691 ",,,,,,,
Ed Davis,davised01,CLE,"$2,641,691 ",,,,,,,
Grant Williams,willigr01,BOS,"$2,617,800 ","$4,306,281 ",,,,,1st Round Pick,"$6,924,081 "
Tyrese Maxey,maxeyty01,PHI,"$2,602,920 ","$2,726,880 ","$4,343,920 ",,,,1st Round Pick,"$5,329,800 "
Keon Johnson,johnske07,POR,"$2,553,120 ","$2,681,040 ","$2,808,720 ","$4,474,291 ",,,1st Round Pick,"$5,234,160 "
Darius Bazley,bazleda01,OKC,"$2,513,040 ","$4,264,629 ",,,,,1st Round Pick,"$6,777,669 "
Trey Lyles,lylestr01,SAC,"$2,500,000 ","$2,625,000 ",,,,,Cap Space,"$2,500,000 "
Zeke Nnaji,nnajize01,DEN,"$2,498,760 ","$2,617,800 ","$4,306,281 ",,,,1st Round Pick,"$5,116,560 "
Isaiah Jackson,jacksis01,IND,"$2,451,120 ","$2,573,760 ","$2,696,280 ","$4,435,381 ",,,1st Round Pick,"$5,024,880 "
Ty Jerome,jeromty01,OKC,"$2,412,840 ","$4,220,057 ",,,,,1st Round Pick,"$6,632,897 "
Hassan Whiteside,whiteha01,UTA,"$2,401,537 ",,,,,,Minimum Salary,"$2,401,537 "
Kent Bazemore,bazemke01,LAL,"$2,401,537 ",,,,,,Minimum Salary,"$2,401,537 "
Austin Rivers,riverau01,DEN,"$2,401,537 ",,,,,,Minimum Salary,"$2,401,537 "
Andre Drummond,drumman01,BRK,"$2,401,537 ",,,,,,Minimum Salary,"$2,401,537 "
Cory Joseph,josepco01,DET,"$7,310,000 ","$5,155,000 ",,,,,,"$7,310,000 "
Cody Zeller,zelleco01,POR,"$2,389,641 ",,,,,,,"$2,389,641 "
Ben McLemore,mclembe01,POR,"$2,389,641 ",,,,,,Minimum Salary,"$2,389,641 "
Solomon Hill,hillso01,NYK,"$2,389,641 ",,,,,,,"$2,389,641 "
Tony Snell,snellto01,NOP,"$2,389,641 ",,,,,,Minimum Salary,"$2,389,641 "
Victor Oladipo,oladivi01,MIA,"$2,389,641 ",,,,,,Minimum Salary,"$2,389,641 "
Dewayne Dedmon,dedmode01,MIA,"$5,256,308 ","$2,866,667 ","$2,866,667 ","$2,866,667 ",,,Minimum Salary,"$2,389,641 "
Otto Porter Jr.,porteot01,GSW,"$2,389,641 ",,,,,,Minimum Salary,"$2,389,641 "
Leandro Bolmaro,bolmale01,MIN,"$2,353,320 ","$2,471,160 ","$2,588,400 ","$4,392,515 ",,,1st Round Pick,"$4,824,480 "
Usman Garuba,garubus01,HOU,"$2,353,320 ","$2,471,160 ","$2,588,400 ","$4,392,515 ",,,1st Round Pick,"$4,824,480 "
Willy Hernangómez,hernawi01,NOP,"$2,327,220 ","$2,443,581 ","$2,559,942 ",,,,Non Bird,"$4,770,801 "
Nassir Little,littlna01,POR,"$2,316,240 ","$4,171,548 ",,,,,1st Round Pick,"$6,487,788 "
R.J. Hampton,hamptrj01,ORL,"$2,303,040 ","$2,412,840 ","$4,220,057 ",,,,1st Round Pick,"$4,715,880 "
Josh Christopher,chrisjo01,HOU,"$2,259,240 ","$2,372,160 ","$2,485,200 ","$4,346,615 ",,,1st Round Pick,"$4,631,400 "
Monta Ellis,ellismo01,IND,"$2,245,400 ",,,,,,,"$2,245,400 "
Elfrid Payton,paytoel01,PHO,"$2,239,544 ",,,,,,Minimum Salary,"$2,239,544 "
Rodney Hood,hoodro01,LAC,"$2,239,544 ",,,,,,Minimum Salary,"$2,239,544 "
Dylan Windler,windldy01,CLE,"$2,239,200 ","$4,037,278 ",,,,,1st Round Pick,"$6,276,478 "
Immanuel Quickley,quickim01,NYK,"$2,210,640 ","$2,316,240 ","$4,171,548 ",,,,1st Round Pick,"$4,526,880 "
John Konchar,konchjo01,MEM,"$2,197,674 ","$2,302,326 ","$2,406,977 ",,,,MLE,"$6,906,977 "
Quentin Grimes,grimequ01,NYK,"$2,168,760 ","$2,277,000 ","$2,385,720 ","$4,296,682 ",,,1st Round Pick,"$4,445,760 "
Jordan Poole,poolejo01,GSW,"$2,161,440 ","$3,901,399 ",,,,,1st Round Pick,"$6,062,839 "
Bol Bol,bolbo01,ORL,"$2,161,152 ",,,,,,MLE,"$2,161,152 "
Keldon Johnson,johnske04,SAS,"$2,145,720 ","$3,873,025 ",,,,,1st Round Pick,"$6,018,745 "
Payton Pritchard,pritcpa01,BOS,"$2,137,440 ","$2,239,200 ","$4,037,278 ",,,,1st Round Pick,"$4,376,640 "
Kevin Porter Jr.,porteke02,HOU,"$2,130,240 ","$3,845,083 ",,,,,1st Round Pick,"$5,975,323 "
Bones Hyland,hylanbo01,DEN,"$2,096,880 ","$2,201,400 ","$2,306,400 ","$4,158,439 ",,,1st Round Pick,"$4,298,280 "
Raul Neto,netora01,WAS,"$2,089,448 ",,,,,,Minimum Salary,"$2,089,448 "
Frank Kaminsky,kaminfr01,PHO,"$2,089,448 ",,,,,,Minimum Salary,"$2,089,448 "
Nemanja Bjelica,bjeline01,GSW,"$2,089,448 ",,,,,,Minimum Salary,"$2,089,448 "
Udoka Azubuike,azubuud01,UTA,"$2,075,880 ","$2,174,880 ","$3,923,484 ",,,,1st Round Pick,"$4,250,760 "
Jaden McDaniels,mcdanja02,MIN,"$2,063,280 ","$2,161,440 ","$3,901,399 ",,,,1st Round Pick,"$4,224,720 "
Malachi Flynn,flynnma01,TOR,"$2,048,040 ","$2,145,720 ","$3,873,025 ",,,,1st Round Pick,"$4,193,760 "
Cam Thomas,thomaca02,BRK,"$2,036,280 ","$2,138,160 ","$2,240,040 ","$4,041,032 ",,,1st Round Pick,"$4,174,440 "
Desmond Bane,banede01,MEM,"$2,033,160 ","$2,130,240 ","$3,845,083 ",,,,1st Round Pick,"$4,163,400 "
Jaden Springer,sprinja01,PHI,"$2,023,800 ","$2,125,200 ","$2,226,360 ","$4,018,580 ",,,1st Round Pick,"$4,149,000 "
Day'Ron Sharpe,sharpda01,BRK,"$2,009,040 ","$2,109,360 ","$2,210,160 ","$3,989,339 ",,,1st Round Pick,"$4,118,400 "
Jeremiah Robinson-Earl,robinje02,OKC,"$2,000,000 ","$2,000,000 ","$1,900,000 ","$1,988,598 ",,,MLE,"$4,000,000 "
Killian Tillie,tilliki02,MEM,"$2,000,000 ","$2,000,000 ",,,,,Room Exception,"$4,000,000 "
Abdel Nader,naderab01,PHO,"$2,000,000 ",,,,,,,"$2,000,000 "
Théo Maledon,maledth01,OKC,"$2,000,000 ","$1,900,000 ","$1,930,681 ",,,,MLE,"$2,000,000 "
Kenrich Williams,willike04,OKC,"$2,000,000 ","$2,000,000 ",,,,,,
Santi Aldama,aldamsa01,MEM,"$1,994,520 ","$2,094,240 ","$2,194,200 ","$3,960,531 ",,,1st Round Pick,"$4,088,760 "
Damian Jones,jonesda03,SAC,"$1,977,011 ",,,,,,,
Wesley Matthews,matthwe02,MIL,"$1,958,501 ",,,,,,,
Rodney McGruder,mcgruro01,DET,"$1,939,350 ",,,,,,Minimum Salary,"$1,939,350 "
DeAndre' Bembry,bembrde01,BRK,"$2,541,217 ",,,,,,,"$1,939,350 "
Gary Payton II,paytoga02,GSW,"$1,939,350 ",,,,,,Minimum Salary,"$350,000 "
Timothé Luwawu-Cabarrot,luwawti01,ATL,"$1,939,350 ",,,,,,,
PJ Dozier,doziepj01,ORL,"$1,910,860 ",,,,,,,"$1,910,860 "
Damion Lee,leeda03,GSW,"$1,910,860 ",,,,,,,
Larry Sanders,sandela01,MIL,"$1,865,547 ",,,,,,,"$1,865,547 "
Shake Milton,miltosh01,PHI,"$1,846,738 ","$1,997,718 ",,,,,Cap Space,"$1,846,738 "
Mitchell Robinson,robinmi01,NYK,"$1,802,057 ",,,,,,MLE,"$1,802,057 "
Jalen Brunson,brunsja01,DAL,"$1,802,057 ",,,,,,,
Dennis Smith Jr.,smithde03,POR,"$1,789,256 ",,,,,,,"$1,789,256 "
Malik Monk,monkma01,LAL,"$1,789,256 ",,,,,,Minimum Salary,"$1,789,256 "
Semi Ojeleye,ojelese01,LAC,"$1,789,256 ",,,,,,Minimum Salary,"$1,789,256 "
Frank Ntilikina,ntilila01,DAL,"$1,789,256 ","$2,036,318 ",,,,,Minimum Salary,"$1,789,256 "
Tony Bradley,bradlto01,CHI,"$1,789,256 ","$2,036,318 ",,,,,Minimum Salary,"$1,789,256 "
Didi Louzada,louzama01,POR,"$1,786,878 ","$1,876,222 ","$1,965,566 ","$2,057,646 ",,,Non Bird,"$3,663,100 "
Daniel Gafford,gaffoda01,WAS,"$1,782,621 ","$1,930,681 ","$12,402,000 ","$13,394,160 ","$14,386,320 ",,Minimum Salary,"$43,895,782 "
Terance Mann,mannte01,LAC,"$1,782,621 ","$1,930,681 ","$10,576,923 ","$11,423,077 ",,,Minimum Salary,"$25,713,302 "
Eric Paschall,pascher01,UTA,"$1,782,621 ",,,,,,MLE,"$1,782,621 "
KZ Okpala,okpalkz01,OKC,"$1,782,621 ",,,,,,,"$1,782,621 "
Bruno Fernando,fernabr01,HOU,"$1,782,621 ",,,,,,Cap space,"$1,782,621 "
Cody Martin,martico01,CHO,"$1,782,621 ",,,,,,MLE,"$1,782,621 "
Nic Claxton,claxtni01,BRK,"$1,782,621 ",,,,,,Minimum Salary,"$1,782,621 "
Luguentz Dort,dortlu01,OKC,"$1,782,621 ","$1,930,681 ",,,,,Minimum Salary,"$625,000 "
Isaiah Roby,robyis01,OKC,"$1,782,621 ","$1,930,681 ",,,,,,
Naz Reid,reidna01,MIN,"$1,782,621 ","$1,930,681 ",,,,,,
Jaylen Nowell,nowelja01,MIN,"$1,782,621 ","$1,930,681 ",,,,,,
Vlatko Čančar,cancavl01,DEN,"$1,782,621 ",,,,,,,
Dean Wade,wadede01,CLE,"$1,782,621 ","$1,930,681 ",,,,,,
Jalen McDaniels,mcdanja01,CHO,"$1,782,621 ","$1,930,681 ",,,,,,
Drew Eubanks,eubandr01,TOR,"$1,862,176 ",,,,,,,"$1,762,796 "
Chimezie Metu,metuch01,SAC,"$1,762,796 ","$1,910,860 ",,,,,,
Yuta Watanabe,watanyu01,TOR,"$1,762,769 ",,,,,,,
Svi Mykhailiuk,mykhasv01,TOR,"$1,729,217 ","$1,878,720 ",,,,,Minimum Salary,"$1,729,217 "
Keita Bates-Diop,bateske01,SAS,"$1,729,217 ","$1,878,720 ",,,,,Minimum Salary,"$1,729,217 "
Moritz Wagner,wagnemo01,ORL,"$1,729,217 ","$1,878,720 ",,,,,Minimum Salary,"$1,729,217 "
Thanasis Antetokounmpo,antetth01,MIL,"$1,729,217 ","$1,878,720 ",,,,,Minimum Salary,"$1,729,217 "
Isaac Bonga,bongais01,TOR,"$1,729,217 ",,,,,,,
Isaiah Hartenstein,harteis01,LAC,"$3,430,810 ",,,,,,,
Juan Toscano-Anderson,toscaju01,GSW,"$1,701,593 ",,,,,,Minimum Salary,"$1,701,593 "
Moses Brown,brownmo01,DAL,"$1,797,523 ",,,,,,,"$1,701,593 "
Oshae Brissett,brissos01,IND,"$1,701,593 ","$1,846,738 ",,,,,,
Isaiah Hartenstein,harteis01,CLE,"$3,430,810 ",,,,,,,
Herbert Jones,joneshe01,NOP,"$1,700,000 ","$1,785,000 ","$1,836,096 ",,,,MLE,"$3,485,000 "
Gabriel Deck,deckga01,OKC,"$1,690,507 ",,,,,,Cap Space,"$1,690,507 "
Jordan McLaughlin,mclaujo01,MIN,"$1,669,178 ","$1,815,677 ","$1,968,182 ",,,,Early Bird,"$5,453,037 "
Javonte Green,greenja02,CHI,"$1,669,178 ","$1,815,677 ",,,,,Minimum Salary,"$3,484,855 "
Max Strus,strusma01,MIA,"$1,669,178 ","$1,815,677 ",,,,,Minimum Salary,"$1,669,178 "
Gabe Vincent,vincega01,MIA,"$1,669,178 ","$1,815,677 ",,,,,Minimum Salary,"$1,669,178 "
Kevin Pangos,pangoke01,CLE,"$1,669,178 ",,,,,,,"$1,669,178 "
Matt Thomas,thomama02,CHI,"$1,669,178 ",,,,,,Minimum Salary,"$1,669,178 "
Xavier Sneed,sneedxa01,HOU,"$1,563,518 ",,,,,,,"$1,563,518 "
Vernon Carey Jr.,careyve01,WAS,"$1,517,981 ","$1,782,621 ","$1,930,681 ",,,,Cap Space,"$3,300,602 "
Xavier Tillman Sr.,tillmxa01,MEM,"$1,517,981 ","$1,782,621 ","$1,930,681 ",,,,MLE,"$3,300,602 "
Tyrell Terry,terryty01,DAL,"$1,517,981 ","$1,782,621 ",,,,,,"$3,300,602 "
Tre Jones,jonestr01,SAS,"$1,517,981 ","$1,782,621 ",,,,,MLE,"$1,517,981 "
Robert Woodard II,woodaro01,SAC,"$1,517,981 ",,,,,,,"$1,517,981 "
Jahmi'us Ramsey,ramseja01,SAC,"$1,517,981 ",,,,,,,"$1,517,981 "
CJ Elleby,ellebcj01,POR,"$1,517,981 ",,,,,,Minimum Salary,"$1,517,981 "
Elijah Hughes,hugheel01,POR,"$1,517,981 ",,,,,,Minimum Salary,"$1,517,981 "
Isaiah Joe,joeis01,PHI,"$1,517,981 ","$1,782,621 ",,,,,MLE,"$1,517,981 "
Naji Marshall,marshna01,NOP,"$1,517,981 ","$1,782,621 ","$1,930,681 ",,,,MLE,"$1,517,981 "
Jordan Nwora,nworajo01,MIL,"$1,517,981 ",,,,,,Minimum Salary,"$1,517,981 "
Nick Richards,richani01,CHO,"$1,517,981 ","$1,782,621 ",,,,,Cap Space,"$1,517,981 "
Anthony Gill,gillan01,WAS,"$1,517,981 ",,,,,,,
Paul Reed,reedpa01,PHI,"$1,517,981 ","$1,782,621 ",,,,,,
Kenyon Martin Jr.,martike04,HOU,"$1,517,981 ","$1,782,621 ","$1,930,681 ",,,,,
Jae'Sean Tate,tateja01,HOU,"$1,517,981 ","$1,782,621 ",,,,,,
Lamar Stevens,stevela01,CLE,"$1,517,981 ","$1,782,621 ","$1,930,681 ",,,,,
Isaiah Todd,toddis01,WAS,"$1,500,000 ","$1,563,518 ","$1,836,096 ","$1,988,598 ",,,MLE,"$4,899,614 "
Saben Lee,leesa01,DET,"$1,489,065 ","$1,752,638 ","$1,902,137 ",,,,Cap Space,"$3,241,703 "
Omer Yurtseven,yurtsom01,MIA,"$1,489,065 ","$1,752,638 ",,,,,Minimum Salary,"$1,489,065 "
Armoni Brooks,brookar01,HOU,"$1,574,643 ",,,,,,,"$1,489,065 "
J.R. Smith,smithjr01,CLE,"$1,456,666 ",,,,,,,"$1,456,666 "
Danuel House Jr.,houseda01,HOU,"$2,045,094 ",,,,,,,"$1,387,498 "
Bismack Biyombo,biyombi01,PHO,"$1,366,392 ",,,,,,Minimum Salary,"$1,518,213 "
George Hill,hillge01,PHI,"$4,000,000 ","$4,000,000 ",,,,,,"$1,275,491 "
DeMarre Carroll,carrode01,SAS,"$1,252,127 ",,,,,,,"$1,252,127 "
JT Thor,thorjt01,CHO,"$1,250,000 ","$1,563,518 ","$1,836,096 ","$1,988,598 ",,,Cap Space,"$2,813,518 "
Garrison Mathews,mathega01,HOU,"$1,093,598 ","$1,815,677 ","$1,968,182 ","$2,230,253 ",,,Cap Space,"$1,093,598 "
Alfonzo McKinnie,mckinal01,CHI,"$1,090,007 ",,,,,,,"$1,292,183 "
Jabari Parker,parkeja01,BOS,"$1,068,288 ",,,,,,,"$1,168,288 "
Jason Preston,prestja01,LAC,"$1,062,303 ","$1,563,518 ","$1,836,096 ",,,,Mini MLE,"$2,625,821 "
Isaiah Livers,liveris01,DET,"$1,057,260 ","$1,563,518 ","$1,836,096 ",,,,Cap Space,"$2,620,778 "
Guerschon Yabusele,yabusgu01,BOS,"$1,039,080 ",,,,,,,"$1,039,080 "
Aaron Wiggins,wiggiaa01,OKC,"$1,000,000 ","$1,563,518 ","$1,836,096 ","$1,988,598 ",,,Cap Space,"$1,000,000 "
Tristan Thompson,thomptr01,CHI,"$10,720,900 ",,,,,,Bi-Annual Exception,"$1,000,000 "
Kyle Singler,singlky01,OKC,"$999,200 ","$999,200 ",,,,,,"$1,998,400 "
Marquese Chriss,chrisma01,DAL,"$958,529 ","$2,193,920 ",,,,,Minimum Salary,"$3,486,820 "
Jared Butler,butleja02,UTA,"$925,258 ","$1,563,518 ",,,,,Minimum Salary,"$2,488,776 "
Greg Brown III,browngr01,POR,"$925,258 ","$1,563,518 ","$1,836,096 ",,,,Mini MLE,"$2,488,776 "
Miles McBride,mcbrimi01,NYK,"$925,258 ","$1,563,518 ","$1,836,096 ",,,,Cap Space,"$2,488,776 "
Brandon Boston Jr.,bostobr01,LAC,"$925,258 ","$1,563,518 ","$1,836,096 ",,,,Mini MLE,"$2,488,776 "
Marko Simonovic,simonma01,CHI,"$925,258 ","$1,563,518 ","$1,836,096 ",,,,MLE,"$2,488,776 "
Vit Krejci,krejcvi01,OKC,"$925,258 ","$1,563,518 ","$1,836,096 ","$1,988,598 ",,,MLE,"$1,707,017 "
Charles Bassey,bassech01,PHI,"$925,258 ","$1,563,518 ","$1,836,096 ",,,,MLE,"$1,000,000 "
Dalano Banton,bantoda01,TOR,"$925,258 ","$1,563,518 ",,,,,Minimum Salary,"$925,258 "
Jock Landale,landajo01,SAS,"$925,258 ","$1,563,518 ",,,,,Minimum Salary,"$925,258 "
Ayo Dosunmu,dosunay01,CHI,"$925,258 ","$1,563,518 ",,,,,Minimum Salary,"$925,258 "
Austin Reaves,reaveau01,LAL,"$925,258 ",,,,,,,
Luka Garza,garzalu01,DET,"$925,258 ",,,,,,,
Lance Stephenson,stephla01,IND,"$924,730 ",,,,,,Minimum Salary,"$1,476,806 "
Stanley Johnson,johnsst04,LAL,"$888,616 ","$2,351,521 ",,,,,Minimum Salary,"$1,248,865 "
Miye Oni,onimi01,OKC,"$850,331 ",,,,,,,"$850,331 "
Wayne Selden,seldewa01,NYK,"$785,102 ",,,,,,,"$785,102 "
Goran Dragić,dragigo01,BRK,"$20,168,742 ",,,,,,Minimum Salary,"$728,742 "
Brad Wanamaker,wanambr01,IND,"$705,598 ",,,,,,,"$705,598 "
Alize Johnson,johnsal02,CHI,"$705,598 ",,,,,,,"$705,598 "
DeMarcus Cousins,couside01,DEN,"$1,290,481 ",,,,,,Minimum Salary,"$1,138,659 "
Shaun Livingston,livinsh01,GSW,"$666,666 ",,,,,,,"$666,666 "
Sam Merrill,merrisa01,MEM,"$663,024 ",,,,,,Minimum Salary,"$663,024 "
Danuel House Jr.,houseda01,UTA,"$2,045,094 ",,,,,,Minimum Salary,"$991,967 "
D.J. Augustin,augusdj01,LAL,"$7,622,467 ","$333,333 ",,,,,Minimum Salary,"$622,467 "
DeMarcus Cousins,couside01,MIL,"$1,290,481 ",,,,,,,"$607,285 "
Luke Kornet,kornelu01,BOS,"$606,702 ",,,,,,Minimum Salary,"$606,702 "
DeAndre' Bembry,bembrde01,MIL,"$2,541,217 ",,,,,,Minimum Salary,"$601,867 "
DeAndre Jordan,jordade01,PHI,"$11,109,327 ","$7,827,907 ",,,,,Minimum Salary,"$592,103 "
Ryan Arcidiacono,arcidry01,NYK,"$586,136 ",,,,,,Minimum Salary,"$791,798 "
Keifer Sykes,sykeske01,IND,"$558,345 ","$1,563,518 ",,,,,,
Caleb Martin,martica02,MIA,"$527,614 ",,,,,,Minimum Salary,"$527,614 "
Tomáš Satoranský,satorto01,WAS,"$10,468,119 ",,,,,,Minimum Salary,"$468,119 "
Georgios Kalaitzakis,kalaige01,MIL,"$462,629 ",,,,,,,"$462,629 "
Jevon Carter,carteje01,MIL,"$4,107,149 ","$3,925,000 ",,,,,Minimum Salary,"$457,149 "
Gary Clark,clarkga01,NOP,"$377,645 ",,,,,,,"$377,645 "
Devontae Cacok,cacokde01,SAS,"$364,533 ",,,,,,Minimum Salary,"$364,533 "
Sam Dekker,dekkesa01,TOR,"$350,000 ",,,,,,,"$350,000 "
Sam Hauser,hausesa01,BOS,"$313,737 ","$1,563,518 ",,,,,Minimum Salary,"$313,737 "
Admiral Schofield,schofad01,OKC,,,,,,,,"$300,000 "
Daishen Nix,nixda01,HOU,"$292,466 ","$1,563,518 ","$1,836,096 ","$1,988,598 ",,,Minimum Salary,"$5,680,678 "
Haywood Highsmith,highsha01,MIA,"$290,967 ","$1,752,638 ","$1,902,137 ",,,,MLE,"$547,701 "
Isaiah Thomas,thomais02,CHO,"$276,039 ",,,,,,Minimum Salary,"$552,077 "
Trendon Watford,watfotr01,POR,"$260,561 ","$1,563,518 ","$1,836,096 ","$1,988,598 ",,,MLE,"$5,648,773 "
Ish Wainright,wainris01,TOR,,,,,,,,"$375,000 "
Malik Fitts,fittsma01,BOS,"$231,062 ","$1,752,638 ",,,,,Minimum Salary,"$402,218 "
Joe Wieskamp,wieskjo01,SAS,"$202,068 ",,,,,,Minimum Salary,"$202,068 "
Bismack Biyombo,biyombi01,PHO,"$1,366,392 ",,,,,,,"$1,518,213 "
DeMarcus Cousins,couside01,DEN,"$1,290,481 ",,,,,,,"$1,138,659 "
DeMarcus Cousins,couside01,DEN,"$1,290,481 ",,,,,,,"$1,138,659 "
DeMarcus Cousins,couside01,DEN,"$1,290,481 ",,,,,,,"$1,138,659 "
Lance Stephenson,stephla01,IND,"$924,730 ",,,,,,,"$1,476,806 "
Lance Stephenson,stephla01,IND,"$924,730 ",,,,,,,"$1,476,806 "
Lance Stephenson,stephla01,IND,"$924,730 ",,,,,,,"$1,476,806 "
Lance Stephenson,stephla01,IND,"$924,730 ",,,,,,,"$1,476,806 "
Isaiah Thomas,thomais02,CHO,"$276,039 ",,,,,,,"$552,077 "
Isaiah Thomas,thomais02,CHO,"$276,039 ",,,,,,,"$552,077 "
Isaiah Thomas,thomais02,DAL,"$276,039 ",,,,,,,"$138,019 "
Brandon Knight,knighbr03,DAL,,,,,,,,"$138,019 "
Lance Stephenson,stephla01,ATL,"$924,730 ",,,,,,,"$138,019 "
Isaiah Thomas,thomais02,LAL,"$276,039 ",,,,,,,"$135,680 "
Troy Williams,willitr02,HOU,"$122,741 ","$122,741 ",,,,,,"$245,482 "
Stanley Johnson,johnsst04,LAL,"$888,616 ","$2,351,521 ",,,,,,"$1,248,865 "
Stanley Johnson,johnsst04,LAL,"$888,616 ","$2,351,521 ",,,,,,"$1,248,865 "
Stanley Johnson,johnsst04,LAL,"$888,616 ","$2,351,521 ",,,,,,"$1,248,865 "
Stanley Johnson,johnsst04,CHI,"$888,616 ","$2,351,521 ",,,,,,"$120,083 "
Marquese Chriss,chrisma01,DAL,"$958,529 ","$2,193,920 ",,,,,,"$3,486,820 "
Marquese Chriss,chrisma01,DAL,"$958,529 ","$2,193,920 ",,,,,,"$3,486,820 "
Marquese Chriss,chrisma01,DAL,"$958,529 ","$2,193,920 ",,,,,,"$3,486,820 "
Danuel House Jr.,houseda01,UTA,"$2,045,094 ",,,,,,,"$991,967 "
Danuel House Jr.,houseda01,UTA,"$2,045,094 ",,,,,,,"$991,967 "
Danuel House Jr.,houseda01,UTA,"$2,045,094 ",,,,,,,"$991,967 "
Justin Anderson,anderju01,IND,"$111,457 ",,,,,,,"$222,914 "
Justin Anderson,anderju01,IND,"$111,457 ",,,,,,Minimum Salary,"$222,914 "
Kris Dunn,dunnkr01,POR,"$111,457 ",,,,,,Minimum Salary,"$111,457 "
Danuel House Jr.,houseda01,NYK,"$2,045,094 ",,,,,,,"$111,457 "
Nik Stauskas,stausni01,MIA,,,,,,,,"$111,457 "
Justin Anderson,anderju01,CLE,"$111,457 ",,,,,,,"$111,457 "
Ryan Arcidiacono,arcidry01,NYK,"$586,136 ",,,,,,,"$791,798 "
Ryan Arcidiacono,arcidry01,NYK,"$586,136 ",,,,,,,"$791,798 "
Luke Kornet,kornelu01,MIL,"$606,702 ",,,,,,,"$102,831 "
Luke Kornet,kornelu01,CLE,"$606,702 ",,,,,,,"$102,831 "
Alfonzo McKinnie,mckinal01,CHI,"$1,090,007 ",,,,,,,"$1,292,183 "
Alfonzo McKinnie,mckinal01,CHI,"$1,090,007 ",,,,,,,"$1,292,183 "
Jabari Parker,parkeja01,BOS,"$1,068,288 ",,,,,,,"$1,168,288 "
Drew Eubanks,eubandr01,POR,"$1,862,176 ",,,,,,,"$298,140 "
Drew Eubanks,eubandr01,POR,"$1,862,176 ",,,,,,,"$298,140 "
Drew Eubanks,eubandr01,POR,"$1,862,176 ",,,,,,Minimum Salary,"$298,140 "
Alize Johnson,johnsal02,NOP,"$705,598 ",,,,,,,"$198,760 "
Alize Johnson,johnsal02,NOP,"$705,598 ",,,,,,,"$198,760 "
Wenyen Gabriel,gabriwe01,LAC,,,,,,,,"$198,760 "
Wenyen Gabriel,gabriwe01,LAC,,,,,,,,"$198,760 "
Theo Pinson,pinsoth01,DAL,,,,,,,,"$197,076 "
Brad Wanamaker,wanambr01,WAS,"$705,598 ",,,,,,,"$99,380 "
Alize Johnson,johnsal02,WAS,"$705,598 ",,,,,,,"$99,380 "
Wenyen Gabriel,gabriwe01,NOP,,,,,,,,"$99,380 "
Brandon Goodwin,goodwbr01,CLE,,,,,,,,"$99,380 "
Wenyen Gabriel,gabriwe01,BRK,,,,,,,,"$99,380 "
Theo Pinson,pinsoth01,DAL,,,,,,,,"$197,076 "
Davon Reed,reedda01,DEN,,,,,,,,"$286,164 "
Davon Reed,reedda01,DEN,,,,,,,,"$286,164 "
Kyle Guy,guyky01,MIA,,,,,,,,"$191,860 "
Kyle Guy,guyky01,MIA,,,,,,,,"$191,860 "
Moses Brown,brownmo01,CLE,"$1,797,523 ",,,,,,,"$191,860 "
Moses Brown,brownmo01,CLE,"$1,797,523 ",,,,,,Minimum Salary,"$191,860 "
Kelan Martin,martike03,BOS,,,,,,,,"$191,860 "
Kelan Martin,martike03,BOS,,,,,,,,"$191,860 "
Charlie Brown Jr.,brownch02,PHI,,,,,,,,"$95,930 "
Miye Oni,onimi01,NOP,"$850,331 ",,,,,,,"$95,930 "
Tyrone Wallace,wallaty01,NOP,"$95,930 ",,,,,,Minimum Salary,"$95,930 "
Quinndary Weatherspoon,weathqu01,GSW,,,,,,,,"$95,930 "
Charlie Brown Jr.,brownch02,DAL,,,,,,,,"$95,930 "
Tyrone Wallace,wallaty01,ATL,"$95,930 ",,,,,,,"$95,930 "
Davon Reed,reedda01,DEN,,,,,,,,"$286,164 "
Demetrius Jackson,jacksde01,BOS,"$92,857 ","$92,857 ","$92,857 ",,,,,"$278,571 "
Haywood Highsmith,highsha01,MIA,"$290,967 ","$1,752,638 ","$1,902,137 ",,,,,"$547,701 "
Haywood Highsmith,highsha01,MIA,"$290,967 ","$1,752,638 ","$1,902,137 ",,,,,"$547,701 "
Haywood Highsmith,highsha01,MIA,"$290,967 ","$1,752,638 ","$1,902,137 ",,,,,"$547,701 "
Malik Fitts,fittsma01,BOS,"$231,062 ","$1,752,638 ",,,,,,"$402,218 "
Malik Fitts,fittsma01,BOS,"$231,062 ","$1,752,638 ",,,,,,"$402,218 "
Armoni Brooks,brookar01,TOR,"$1,574,643 ",,,,,,,"$171,156 "
Armoni Brooks,brookar01,TOR,"$1,574,643 ",,,,,,Minimum Salary,"$171,156 "
Admiral Schofield,schofad01,ORL,,,,,,,,"$169,706 "
Emanuel Terry,terryem01,PHO,"$85,578 ",,,,,,Minimum Salary,"$85,578 "
Tyrell Terry,terryty01,MEM,"$1,517,981 ","$1,782,621 ",,,,,,"$85,578 "
Admiral Schofield,schofad01,ORL,,,,,,,,"$169,706 "
Olivier Sarr,sarrol01,OKC,,,,,,,,"$106,352 "
Olivier Sarr,sarrol01,OKC,,,,,,,,"$106,352 "
Jordan Schakel,schakjo01,WAS,,,,,,,,"$53,176 "
Brandon Williams,willibr03,POR,,,,,,,,"$53,176 "
Jeff Dowtin,dowtije01,ORL,"$53,176 ",,,,,,Minimum Salary,"$53,176 "
Feron Hunt,huntfe01,NOP,,,,,,,,"$53,176 "
Jeff Dowtin,dowtije01,MIL,"$53,176 ",,,,,,,"$53,176 "
Xavier Sneed,sneedxa01,MEM,"$1,563,518 ",,,,,,,"$53,176 "
Moses Wright,wrighmo01,LAC,,,,,,,,"$53,176 "
Malcolm Hill,hillma01,CHI,,,,,,,,"$53,176 "
Malcolm Hill,hillma01,ATL,,,,,,,,"$53,176 "